uuid,actor_id
87061abb-6c9d-4c2c-9860-e448cd13e613,1
41227ac0-0931-40a1-82c9-fe01702b9319,2
1d5da60a-baf8-4848-a95c-0c7506209256,3
fe4d6d0a-245f-4021-9781-9032ed642bce,4
d96369e2-d992-4ae1-892d-fe124af55f87,5
25134681-22b7-4acc-8f34-fdbd9f470a74,6
ed879360-ea09-46a8-9d07-c69d5e1a530f,7
3b2c23f1-9dad-4d73-b619-de087dbdb9fb,8
5e4813a9-1901-434c-ac94-d08fa86baa0e,9
12464ddf-8665-4101-8a7d-857cb6c5883c,10
3a58d68b-de5c-4b7c-b13c-674e0dc6d39d,11
7edde37d-d026-434c-a55f-7dfc2bc96a6e,12
c5dfe528-57c3-413c-8e4c-a28ebdef0814,13
68c784d6-da8a-4ed7-aaa7-86dc020ca58e,14
e4f2ecf9-9f1a-424e-a6dc-eaf5363bd2e5,15
ae268e4d-1b3c-43fa-b559-c4cb7713edb9,16
03d490a5-4457-4e36-82ab-f96ec413c0ef,17
23819906-1778-4f14-a266-eca3e1a082e3,18
254e75ca-c120-4bcc-b156-8c016e4823f1,19
20cef585-6b1d-49d6-825c-c7b40cf301f5,20
9523934a-1683-4dc4-a600-29761d5e06db,1
2a4ee058-fc9f-45bd-8bca-80613e3e4ba2,2
226ae6b8-cb2c-4d9d-8695-2d84c2748e49,3
46b11bbd-2b53-4721-9474-96a92a874b25,4
3fd4d8d8-2dab-4f70-a4dd-8bb925e94a0c,5
895aa5b5-7248-4d46-ae5d-8d3952a3c132,6
b094ef92-2c42-4374-993d-b9da2c04b7a8,7
3b3e5adf-dbcb-4635-9bed-0083ec093b8a,8
cd2e783c-9b1f-4524-82a3-bba7235f6239,9
e23293da-3c17-49e0-8be1-5632ff1f5169,10
ed7cc2ff-1aba-45dd-9d1d-430d3691ccd6,11
050a379c-7d6c-4f52-ace8-1f92188e2cb9,12
003f1615-79d0-4ce0-b65a-bd1f8436d6e7,13
6645a33d-1016-4ca4-bdb4-1728a9b4c444,14
49d313d7-0c56-44f2-afc6-b9f03092b753,15
b357992e-2c25-4360-b08c-884203ee3b31,16
db77a3ef-3433-4057-8596-1ae1ff4ecd0f,17
c154f7ad-d60a-47c0-b947-b47abb4e7464,18
201c9011-97a0-437b-b5a2-047ac761f3c3,19
92446c03-7f7c-4d7c-8864-007f39997e88,20
bdd6eea3-9bfa-43dc-b77e-c0a7e9e051d9,1
ea8e2c8e-ef39-4978-b165-8fbc9bc785a7,2
48abeaf0-7de1-40df-8755-ba89bd8dce2b,3
f39b221d-b888-46dd-b898-f28554f160d6,4
1c713a01-d130-4f62-9ef8-99dad9e540d3,5
5c85cb0d-8304-4aff-89a2-eb3dad8b69dd,6
0053f4f0-7644-4c04-a251-0d1fdd68e3f2,7
058160f2-6b60-4190-b670-5810e834d4a5,8
73972a17-fd1e-4f8f-940b-7c1bea925471,9
f56f0506-8459-4a78-98d7-4335bf2fd918,10
51212f53-daf2-4e8d-8cd4-2a8743c26982,11
eebb21f6-559b-48ec-bf89-5eda61e035b8,12
c8de2cb0-b9c6-4b4c-8924-0a55c30cd170,13
94205b9a-7168-4033-9f8e-dd9314ce8572,14
63addb90-03ba-4a65-b0cd-9d40453bf7c6,15
eb26274a-4cc0-4251-84a8-78d96e7835c4,16
d7b71851-3201-4dde-a8e0-7ff150952b6f,17
be1d8c8d-6e03-44d7-a867-67d1e4e02dbd,18
d871b09b-04e1-4576-8e84-f927446ce557,19
ae53b51f-566a-4355-af23-02314bf1b667,20
1fb20520-4ca9-4a38-87df-96fead142aa0,1
1d371ef9-fb07-492c-a0da-7c1d695cf2ba,2
7a1d0230-6559-44d8-a04b-362811259208,3
fd7eab5d-5523-49a5-aa5f-122fdfd64f2b,4
38958b57-1cb5-4201-9985-6717be67cbb1,5
a35e8836-08a2-437e-b0ba-d113cddd232f,6
64c2fa70-f1ac-476f-9d73-d9607a7abc97,7
a8d36c2a-094b-4069-a28b-26a7b44e4696,8
01e0aa96-98df-4041-9fa3-f4f16c8819b4,9
25792fdc-c3c9-4403-ba3b-263679dede87,10
7861fd4f-15a9-4bba-bf22-49266ab2dbad,11
7341a6ab-2f95-4d6e-82e7-6f259989090b,12
9b40df29-621d-411b-821d-aa4f1aa5366d,13
d098dff5-c93e-4e3b-afef-5ade97e96650,14
bc671c2a-09a1-46d3-b02c-63de09b124f8,15
ea1c1dcf-44ec-43b3-ab4b-9535c35b8ed6,16
9700350e-dd57-4576-b7fd-b1f7bf6b176c,17
44dabc0e-7602-4261-8ac2-9cde18a2e027,18
ac0ddd59-f6d1-41a4-944a-cccab7bae890,19
0a7bbb95-9e1b-4f97-96a2-8850716271f2,20
a4ee6a59-4071-4800-9541-1d376f6d65e6,1
cfbe9ef9-b082-4cb4-8996-1d95d3751f85,2
2196d462-f46b-4ac9-bdaf-033163035cbb,3
ecc976c0-0bd6-4302-a71f-91f830fe05c9,4
443e9058-76a0-4d93-8119-3ca7e1d1de7d,5
8fc4ba09-56e1-43d3-9ec3-11ddf7ef8978,6
e8f6e96a-0294-478c-9de1-03d11fda4a44,7
162c1d20-2a1d-4dde-aa3f-162987d602d9,8
82de30a6-6f6c-419f-840a-021d52016601,9
400305dd-8c94-4a21-a35a-7cd0c0708541,10
497d76ea-e480-4258-872f-0c11ce09f17a,11
cc875083-4359-4f26-9b4a-ba63e53f7efa,12
041f9ab4-d1af-4760-b714-d00a8a770897,13
52af36ca-261a-476e-af67-8eb33fac284a,14
5f07479c-a6de-427f-b8ae-9fedf5b97bed,15
fe825d1c-8384-4876-b90a-c4cbf6ea7530,16
fdd4c22f-01e2-4610-a8d6-4bb45f0e1bab,17
da0a93e4-071a-4805-b158-d3c113cb79be,18
bcbb52f9-7cc8-4948-94e7-48d331484c01,19
38651bfb-0d13-45b3-8adf-39c50baa3995,20
a7a312fa-f4bb-4d6d-9050-ef390aed4f89,1
51341aec-14b2-4fe1-ba72-b696f3fdf543,2
43759f9b-1c1d-4f43-8670-39f0fb431ddb,3
193eeadf-4dea-44b0-bd66-1b26839a4bb1,4
7d2bea03-e260-436f-8f59-d8cf9682fe4b,5
38e99089-cf7e-4297-91f8-ac718494ecbb,6
d47d9cb9-9e2c-46b0-a394-ab62b66200a1,7
5e04054a-9e87-416a-9a38-8b9dcd00b41a,8
8fc838b8-ab5a-485a-8260-304cf7ef254a,9
fdef27af-7bb0-4160-968b-d269aee00180,10
ff3fb02c-39e0-4160-a878-a3d857873282,11
8042bd77-8247-4f0a-9900-5e4a1721640b,12
7aa57a48-8a80-4035-a9cc-8fe81b943307,13
d632dff4-ef9d-4e08-b2dc-f02eb285a5ca,14
6444d9af-fbe3-4337-bd87-b4b43fc5ffa2,15
390eb832-17c9-41c9-892b-3d9dff7e21be,16
26025f2a-266e-4f54-99e4-9d6b9fe08987,17
a0e874e1-66df-41bc-8465-cf30da5c137c,18
9efe5c43-1c30-4b29-8ade-2d591d87f8ac,19
54c0c018-01cd-4dbd-8c88-4095bffe1777,20
06973a22-c345-4c6d-8490-d99ba8d0222c,1
b7f0feed-5156-4ce6-9662-ede0af4b90fb,2
55be927d-03ed-47a2-9470-70e725731e8f,3
b4593904-1a02-47c5-9d15-45cbf1dea212,4
dd8f4927-4b29-4427-a5d4-4437b323565d,5
5896ce7a-e9e6-420d-8dc9-370d5e65788f,6
c5773b21-1612-4527-82d6-1a2f351dbfdc,7
efd99202-f02e-4195-b19a-f4e488b897ae,8
c1b3414b-bce7-4c2b-b763-04f512dcb710,9
40393f96-3fd6-4329-a8e9-08d63cc4038d,10
f8a033f3-3682-4867-b76b-42c72d842f4b,11
8e93db3f-70e3-40ac-96bd-0f4ed90a1713,12
f66efc70-b05f-4b63-9eb3-12cc7b58e6fa,13
4fefec17-6158-443c-b228-3e3e446efc99,14
f22e7deb-fedc-4ea1-a862-6a583c185981,15
d5c8d2a2-2051-4a82-abf6-f79d772a291c,16
3584d84c-cde2-4660-8050-e28b08977859,17
f53eac0e-acd8-480a-88b4-b3f3c0451534,18
64f338f8-98cb-4502-9413-7193d39355d4,19
4210a30e-3dea-41b3-9d51-56dacbba09d8,20
526f1fab-ee90-4c9f-8542-2fa9b9229f7c,1
c32f93e5-2d3f-441c-b798-49276437e6c5,2
b99fb18c-10d3-44cb-8ebe-84fbb147603f,3
1cc40e50-1f1a-45f8-bc06-affb77b6704c,4
4743d9c9-e4a7-402a-a9c9-075e1d36f4c6,5
ee7736bc-563e-40c4-b02c-a8ac835db890,6
9b1c5717-083a-4fa6-8b70-841780ce329a,7
64f2ae3e-eab9-4cf7-8a1f-37b682bacbc3,8
4502bd4c-8e32-464e-91f3-4610ecbe5546,9
7a842d71-a2d0-4c18-8635-1e8f773c44a1,10
e2498a53-e6f7-4188-87d6-765b8b9dc47c,11
3a1ec03a-c1aa-4a75-a4e3-7c063b51251d,12
4fa5f2a1-207f-4c08-b940-2907ca69e733,13
543ef21c-22ab-4bc4-bd0b-0800ae918492,14
7b4bba0c-ed66-4761-83b5-121633e7b1f5,15
15ffba31-164e-450f-a681-bb1bc21e80d5,16
f5850b0f-4765-4ed3-9092-88f08cffbd02,17
ea4d8c45-ce77-4b38-91d4-ffe924613f97,18
6598fdb4-41ca-408c-b261-510b9f8123e7,19
e2ee4833-1cd1-4e1f-8b06-aef41c3f4dc9,20
84264023-48f6-4a92-abb2-2fecabcb5835,1
b2b6eb09-3fd2-45c1-9a17-43d9fba107c0,2
5d1e11c1-29b6-4012-8d14-5d8d222c8a1e,3
a3afa129-299d-4028-8e8f-c2a38a54524c,4
24257aa7-a70f-4016-974c-4f9f77414c1e,5
922b376c-d797-43a2-9de7-eec1cf91d444,6
62dda9df-d735-4949-92dd-5e11ecba0496,7
60814904-aa9b-473b-980d-1ce0b053fd8a,8
3e9afaa5-57dc-41f5-a828-1aec6a442640,9
fc66980b-46e1-4ec3-ad99-048e40987da6,10
0e385372-8714-424b-bd69-7e165ba007f2,11
607f6140-2152-4d4f-8d5d-6686c95779c2,12
75777922-255b-46d6-8a90-484e8d4f00bf,13
8d03175d-440b-449d-ac43-452128b11210,14
0105bc6a-461f-4e7c-b069-22b880ddebb2,15
884be39c-a927-4743-a072-80d43cb2a46a,16
730b717f-25e3-4d50-96fc-d917a193fdea,17
04a80bd0-aec7-4fe6-83b2-24e1f0a48271,18
5907d365-de6f-4fa2-aec7-1e9d0221e29f,19
9ef6298b-0a9a-4489-8864-74077f238075,20
967f8c32-514c-4481-997c-1a76c9ce5dc2,1
a900f718-bc5d-44d7-89f3-a1a54b58d68d,2
eec966e2-53d1-4f53-8176-12c10cddc092,3
ab9a63d7-d215-479f-82cc-a60b915a15f8,4
3342ad7e-ae59-4b5f-8be2-5670c53b0edd,5
41e758b5-9ace-4744-be71-db62072d6dcd,6
aac8c338-cb0c-4e4c-a410-802530ca2abb,7
0fbc039e-51f2-4596-8678-eec302c865cc,8
c5800086-d166-4e0c-92c7-9ad3374549a3,9
cff2a7e5-9b96-4d55-a8aa-cf447da5583e,10
8686508a-2f31-45e2-b2cf-8488216aeb74,11
88118376-0855-4c56-81d9-87fddcaab593,12
9c0a4948-3249-4f54-beb0-3e7145f7697a,13
1c477002-9b13-4a9f-ab9d-89db49f80b74,14
2d8090a0-cca8-4e00-9521-dcb56ed3107a,15
2eaaa786-883d-46df-b784-8de75ca874d7,16
76196271-c87d-4016-b85f-068c42465d24,17
461d4288-85dc-41b4-8c7a-43dab35234d7,18
8ee93003-bea8-4742-84ca-cc87e484e4a9,19
87cfd2c5-e2fe-45c8-9b82-2fbccb3fe52f,20
863729c2-a902-40cb-b087-e457d54f1278,1
7af244a2-adb4-470d-bf43-929be0cc9c7a,2
39b8e28f-79c6-40fa-8c47-69d86c819e3b,3
30771196-315c-46cf-a131-d8754eaf4903,4
87713411-852a-48d2-a94a-0e0f88523374,5
335883b0-6769-4534-bac1-ee535204ae64,6
8056a1c8-030a-4c40-b14f-17b927989db4,7
2abad4dc-dc4f-4e10-b887-5f75d98ace92,8
9ca5793d-2360-487f-92b4-3ec8bb7dd12b,9
a9dff466-b177-4781-95a2-c57683182e1b,10
7aa1bf00-d81a-4633-af0f-f8e7896f44e4,11
d6137409-0a85-4113-9b32-90579fba9ef7,12
a5b81ca7-529e-4a91-b203-1d84750ebd87,13
24b3c9fe-2b2b-4188-ba46-f44c0626bda7,14
ef46af91-034c-4896-ac8f-bd13abe2b746,15
8abef707-d5a0-420a-bbf3-e21c71325711,16
9a1953b9-257d-466e-a03f-1cf0820e1f82,17
ade6a627-9b21-4bb0-b66e-c8801485ba39,18
92c831df-e61d-4a6a-8490-75729a262bcb,19
360e3dcc-7e15-4381-9b5c-d63c516d8f05,20
148e5bed-97b5-4dd5-b552-659109e214c7,1
e928538f-9edf-4e51-85b3-4b9b0e40967e,2
f1aba346-c21b-43c5-b645-0f96e8c41048,3
e912c58b-4cff-4a46-86c5-fdca7a052b38,4
de59d6dc-2ca8-48b7-9324-daf28cb04d68,5
97d3f56a-e679-42a4-b4f5-721c9a4e5086,6
0795e13e-8c4f-4941-9a7f-922ac635859a,7
c9c90e0f-93fb-4071-ae93-2387467ab087,8
257ae943-3378-4d94-b80e-4bb121049f83,9
54d3c6a9-198c-4252-919b-d24bbd0dca6a,10
1acd9c81-8511-4a82-89de-0ad7571044aa,11
4ddbc457-2353-403d-8a4f-565bed7620a0,12
d5a36d35-537c-45f0-8c5a-b545c59609e5,13
061feafc-d0fb-4529-9839-aeec0f4423f3,14
0916fed2-de85-499e-ad55-fc3814735459,15
2988c41e-2ba7-49c0-a42c-746470ebc66e,16
33ff7390-acd1-47b1-ab4f-c773a294591e,17
d9a95410-fa63-44e2-b630-65924ae3d24c,18
9dfa8371-898f-43c6-a741-c5023c828b0c,19
e03e96bc-b299-44d5-977c-299136790474,20
f19f324b-ce97-46e0-a8da-045274717d25,1
a608aa88-1285-484c-8e02-c68856039816,2
82cc668e-bdab-4d0c-8644-7be022f7e0e0,3
1d0a3047-9576-4e71-b9a5-b92641b13ecd,4
4682b0e1-ef00-4eab-aed3-fe617d736eb2,5
2410fd6f-da39-46d6-acfe-b6256f840e0c,6
2ab79a3d-77df-4de7-8591-8ed5e8946eef,7
1ca315ef-1f0f-42f2-830f-f50c2614793f,8
d7155296-3e56-4416-9007-c5dfa82129c1,9
af8af097-436d-4497-9b48-1e79a72fee83,10
54ac3546-e059-4255-a609-0c8699cea3a9,11
65b78cf7-d505-48fe-bfb1-1588cc8f6678,12
93217a8b-a63f-41c6-8c85-51bd00ca0a15,13
b95f35c9-5362-4724-b134-c7e0044411c4,14
5ca8dec3-ef77-494f-8bda-6eb644b4a75c,15
8adeed8c-c48b-43bd-8109-7f5be99e705f,16
04c5f0f7-333e-4e49-bd07-b1e5dcbbc46a,17
b030f58b-5e48-42ca-bc97-d5ede17c5d09,18
1ee1a81a-6f9f-46fb-b622-223f93b25442,19
98eb6992-e31e-4868-ac64-2f04255cddcd,20
b65ef491-079b-44ca-9a35-4f23096f1e1a,1
dd0e603c-8a16-4bc0-abc4-33e34449deef,2
19b4b923-0c98-4281-93fb-5693a4d9d92a,3
69768dd1-71f1-4a84-96d0-ed7512a0d29d,4
9c82aa5a-ce8c-4c91-ac74-c8824ad9bb9d,5
e7c53d47-1078-4094-9435-3c06f517cbb6,6
3c6ac426-cb2f-46d2-a2d2-7ac54e832471,7
87958b93-4344-4083-958a-fbd9a290f15b,8
b59085c8-2b4b-4ebb-9c45-cfc8c3960149,9
e2db8946-606d-4be1-8775-fc084b3891bb,10
4921dbbd-ec19-447d-9c13-1e4c57ff6b0f,11
461b2d80-fbd0-4be8-b946-86dba62a111a,12
c13721f2-c565-413d-8754-156dc55b4e72,13
00c6d05b-09d5-46cb-9d6a-727d3e895c7b,14
e08c03fa-333c-4bf6-b9ae-6c63816935e7,15
22c9165e-2163-40d4-b5db-325d87bb556c,16
58ed2e2f-602e-437a-92c4-56d63aa740d3,17
5a87fdba-ddb3-4028-a2e0-95de808595cf,18
ee9c5e6c-731f-45e8-90da-38c3f999edf3,19
61258672-60fe-424d-969b-3684304e2f25,20
e0bada20-a693-419a-a63c-ed06d898b47f,1
995f7e28-896c-4954-8db1-82e06d1b585d,2
cee45e61-2cde-46d2-bc2b-68016819afd8,3
f012673e-1f19-42dd-b674-8229e6f2cb2b,4
586857d3-ed6a-4dc0-8d0e-870a3273e97c,5
2755070c-0184-4e50-b9a5-c925cd01b240,6
c963ae27-e35c-488a-89de-dd390c1e31f3,7
0bddd56a-c2ad-4fe3-8b9e-a0c08954d553,8
f8467273-cc36-4adf-9e14-ab98f4f26b0c,9
69cc998d-9ccd-458c-83e8-26a42398cc6a,10
04eca0ac-afbb-45ae-b362-a107644565c0,11
b5019ea3-c281-4d44-a680-ec13635c8f89,12
0fba7288-23d7-4a9b-aed3-56f368b48606,13
34f5c7db-8e8e-4dd3-9b22-f3d455d645e3,14
018da464-9722-45cc-b9f4-5c4fe43ee477,15
174f0dbe-ab7b-4c31-b1a8-8e1bcd95539a,16
caca5d9d-9a29-414d-9782-da4674490e96,17
f5c19604-d18b-4af6-8b75-5733930aa87d,18
3623340e-364a-4a2b-b84c-6b3dd36053de,19
39f479b9-76f6-4d98-8ecf-ff83da7e494d,20
ad0ed607-bdee-4550-88ac-081330c4b82a,1
2926b75d-2ade-40fe-b259-d5c689318999,2
c8907dcf-08c4-49af-9c79-e68098c30ba9,3
f8dc3e4f-33cf-431c-93e7-d90a8e2cc1de,4
2b953eb6-842b-486b-a110-328103582652,5
a499b724-ebd6-4c1a-91c1-96bda6f7a262,6
166e8c72-fdee-41ff-a5b3-d2be80a77710,7
501dc490-98c8-47f6-aa9f-c6b6e612be8c,8
02be157f-269b-4567-9b44-99e7aa9b2f15,9
c08d4201-1f67-4b3a-a6e8-be5257376280,10
e9c3ea3b-4012-4044-ad0d-e2f6dd5f9af6,11
178d133d-8449-482d-ba4c-f603e588f969,12
00567d92-2fd8-45ae-88a0-a6ef361ec2d1,13
4ba1dfb6-2b80-4688-84a0-99324ad9d6d5,14
c3ae4d62-d006-4d3a-8340-621949abdb2f,15
bf796528-a5f0-4d17-90e3-ee2b4917b8af,16
2e88bf24-6370-41f7-8b1d-b9038efcfc2d,17
61d57067-4ce8-427d-8a17-d3747223748d,18
eac9f02b-540b-4542-8163-c39a10ed9af4,19
7deea198-ed23-40f3-ae40-3bfb4047c641,20
f60b36b5-6dfc-4b5e-b927-e8507d12fb4b,1
b71f8751-ce70-40c9-b80d-b906ab9913c1,2
bdafbf8f-d844-43f5-a95c-62c7684c8bae,3
79f2aedb-7976-47d9-8b01-9eb3ce0a5ebc,4
77033f3c-50fb-48fd-89ed-da3dc5d79ea2,5
ebd33390-c3c5-4046-87d6-7ae25a6fa352,6
a5199592-6fa9-49df-8eaa-b57638b2817e,7
f4ac83c9-b991-4848-bebb-7e8344085520,8
f2f62f2e-f9c0-4691-9b4e-2f22bde88cb3,9
eda617c2-4bf6-43d4-8c8a-bbd32988c9fb,10
feff0454-3cc3-4510-ac2d-c0425348d3e3,11
2b41e41b-3be6-4df9-8d9f-b35ef2fa7928,12
d4102815-9a35-45c2-8c08-74cc400ea92b,13
f73d9827-ce1e-4458-a9bf-2473311dc6e7,14
133965b9-c760-402f-ae83-c58b5bfacd34,15
da1db38a-c4c1-4255-8ed0-a8525f955b07,16
35cf0628-aee5-4c68-b8e8-1b5ce6f035b2,17
e1f987ef-f991-4b9c-a39a-ed49a82b0e33,18
c4f7b2bb-6405-4ffc-bc3c-17ae6cf73dd4,19
1ee6e998-007e-4b7b-944c-7356aacf3379,20
2da96261-1435-4dc0-bfd7-0a067770f67e,1
4ec56837-d938-48dc-bf55-fe470ff3a1c9,2
c9e10ef9-3e6b-4afe-bd3a-9890a5ab7b98,3
dd19f2e4-2395-4be0-ab0e-7df4171da294,4
c104a172-d843-4cc4-bd06-8a30a41f7bbe,5
36345f53-7d03-4580-a9c9-1309fbc5d5e8,6
cb568201-d38c-421a-8fad-18668086a099,7
ac9b19eb-f198-421f-a134-28868e3cda4c,8
38855db1-601e-4b89-b858-0c5e8723b9cf,9
7e3bc35f-05c0-417e-9472-edc2c6fb8cbe,10
f11050dd-6018-4dc4-b6c6-cc9645ed9b2b,11
f112872b-06d0-4e8c-9984-a7263ca22649,12
eed6f922-9c0d-4158-ab9b-70cb43377017,13
5a6cd106-0ee7-45d0-9534-65c67d579ac2,14
add482c5-6cb9-497a-8a96-1397e7553683,15
c25a0756-f964-4383-b514-14a5e6ccfc3c,16
e094918c-6ae4-45e8-8992-40c7d45e228f,17
db904e0e-2f52-4b02-a79d-cc41164cf902,18
cd11175a-d7f1-454f-ad48-c03b9b27c55f,19
6cb5365e-1841-4296-b8dd-bc1709bc5860,20
3be2b61b-c5e4-4b1a-8cea-4930984d8eef,1
601a4ed7-0622-426a-990e-63ad828a7c13,2
7186db2e-59c8-4d50-8daa-55564d03f823,3
ab7e2c2a-536e-43d8-bed2-faa58424c992,4
ea78e00d-6131-4617-95e5-3cf47c32b4a7,5
85ad1f4d-8d35-48db-930c-12a57dc808fd,6
3c593ab8-904b-469a-954f-d895fa9c42e5,7
a2cb52b4-21c8-496c-84cf-07c8ab08c5a1,8
e90a4b1e-7cc7-40f3-9164-474628f38ec2,9
a8a4f980-6663-427d-ae17-36561533219e,10
c2b827de-af41-4632-ba62-1c5711ab02f4,11
c42b372a-d820-4cbc-aa61-61c9c16c769f,12
50107e21-8d05-441b-9766-a964bdda17fc,13
dd2f38a6-2f35-4331-a087-172579611760,14
dba4ca3c-8d6e-48a8-b7eb-1b08f3040e22,15
d2570cc4-2619-4733-8cf6-fd8841e8bd8d,16
615f4ed1-803b-499f-b2f7-8ea00706bdf9,17
35ebe43b-2097-41fb-9de1-caf2f91ffcce,18
b8a963db-0720-40c6-9971-dcc246aea5aa,19
04937d77-f7f4-4f38-a5eb-5d7a50e1a130,20
7c9d8af2-9db0-4d10-89c1-a8d71588ed93,1
9532fb4b-03d1-4e03-b22f-27c8a4a0803a,2
2d50c0b5-62e7-4578-9bda-ff28a351791a,3
6424e95f-c83a-4b1a-be5b-2de0d2458709,4
770b32d7-9d51-4670-ac0a-d62a7f71749c,5
18f49082-45a6-463f-b2db-f2bed91379af,6
77ecb8a4-2d79-41b6-a93e-4f08b11ae3ba,7
f974adba-3d52-4631-81eb-13685d189345,8
c3f69b0c-7010-4f7c-b5b8-518603168324,9
b9dee629-90ca-4dde-b527-40fc057efcdf,10
ae0c7c33-d897-48b7-bff3-518a9b678ab1,11
2abe9eb5-5dc9-43d0-8643-2dce1d558e3d,12
8282ecc8-11bb-4566-be34-d30a97b543af,13
36607892-7223-4f7e-9f46-e2c61afbbe8f,14
e7182768-a26a-4607-8ecd-54b99228e267,15
ae27d208-cb30-48e6-9d66-e140dd985cad,16
bfd84721-f1e2-48f3-babf-edca16c0db50,17
fc2fd024-4a63-4c48-9434-157c82d89938,18
8b0f37fa-1bb5-4dc7-a647-2d21cf49f4a6,19
f8d0f357-acf3-41bd-adb5-aebb15ceae8d,20
1853998a-ec93-41c0-b015-08994dba0462,1
6fce80c7-ff42-415b-a7e1-61dfe056bcee,2
2bfa7262-62bb-4032-b944-5ca2611e2aa5,3
8bcba7c1-4d2e-4545-953c-15515eddcef2,4
4a8dbad8-808d-4214-a2e9-97dd896c238e,5
5eb4d3ef-d9ff-4b23-9bbc-efdfd98f9b05,6
2c1c47a2-3bbc-4f35-a4ea-d1c2d5d40d9f,7
16590a84-ac5c-46da-b240-1e689ade4cb9,8
452d5f29-32bd-4f97-87bc-83c7407795bc,9
1b61cada-575b-4905-9af8-8cf47a75ec98,10
b1fca671-5b7d-4c88-adb6-3f299e5a7136,11
12e5070e-3fd5-4a13-930c-fa3a9e69a4fd,12
a8ecc154-7156-424e-9f96-8cea4d73f910,13
2662e392-c7a5-414c-9e35-b0fc362adaf9,14
3f64e794-06b6-4697-8efb-f3798549ea87,15
99fab0bf-ee43-4e10-a534-112903acdeed,16
e23a77e9-660c-4389-80a0-1adcba5e433b,17
65e474be-beb6-4800-b228-2bb6255b0c3d,18
e8ed9638-7ba2-4b64-920a-d43b38d4f820,19
8fb79e3d-069c-40d5-ba00-272fdb49081d,20
eac5e577-2159-4d3f-8ebf-e16c8c75dd18,1
1a8c819f-9e41-489e-a5b0-23bb9b618721,2
d5bf2190-ffe0-4b67-ba3b-a4decd6c1a45,3
0b9db6f9-7fb0-4280-b81e-e2b40c148724,4
12bbdb37-c21e-428a-ae05-9f36280b9b5a,5
7143d4f0-2e96-4d6b-90f8-6e8d4553d60b,6
010f74bf-7eab-4642-9dd6-1296e13de7cf,7
45a182d8-a2ba-4e10-bf5a-8f6027ce0d27,8
6453fc45-d032-4c5c-9105-4f9dec32e3a8,9
de0fa11a-f07e-48e7-be26-46ffadb9b44a,10
d3c5f278-a4bd-43d7-9f1f-4b22be642828,11
a2446ad2-5278-40ab-ab3b-8bdaf64ea87d,12
5ee1bd0e-4f51-4429-9774-8e957e05d102,13
cb5434e3-ff51-4b32-9f9c-c20ba7cc8f74,14
90c11cc9-eab7-472e-9adb-0dc32e9a0f73,15
7de43b16-56cd-4c25-91a7-ac0f2033eeec,16
6d54da36-c979-47f0-b58b-c8589cd6e2b8,17
e763bd51-6f82-4bb7-8f28-f2706c602788,18
747c6be3-4abc-4c2e-bd22-04d7d78523bc,19
e5715bab-5254-4c30-ae3b-6a08a61ce779,20
09960eb0-290f-4e1c-add2-988274ff3d1f,1
31fa4fca-99f3-4300-bd1d-a3e90a6811c0,2
c4eb0d85-c973-476b-b75d-c71c9198f1e0,3
46d45da7-2f9f-40fd-8c74-0ca7d24eccb2,4
f385e41a-19f5-4ad8-bd83-25e883011bff,5
17ef9c28-74a6-4994-b8a8-db9a80e41fe1,6
18c10261-eacf-4a91-a5d5-6e178229fe10,7
32e778b7-a255-4052-b19e-6e2a8e8ddffe,8
e355b34c-4e58-494b-b593-9078ab90caa1,9
61cf64fb-6e9d-46ff-a88e-cd7e2d67de9e,10
c4249df6-748c-47a3-85d2-a249460f1c4e,11
2eeb2b01-dfee-4970-a261-3a39ecfd7136,12
2d4e1dac-c9b7-499b-9a2a-8812ae07369c,13
99708848-6fd8-42e4-998c-91c2fea1929e,14
6b87f8b2-4a2f-4d94-940e-670760bed873,15
b86480a2-4b9c-4ca5-a193-752043c4ea4e,16
d4c2bde0-526f-4d37-8c91-18572c5d565a,17
5b1c6e2f-a441-4e1f-bdb9-50f5f68a2a50,18
c2d75bc7-7a41-4923-b887-9f0b88fae036,19
5996296c-40fe-4c14-bcfe-a612f6035b86,20
55da6eef-a402-40e9-80df-a9d9a8609768,1
0ed3b78a-a688-46e3-a2b2-5c8aca0288de,2
bca4f04c-06ae-412a-95a7-4e58f46e2e56,3
6a7a80c2-e4a4-468d-af5b-4c0ce9d73a88,4
3148d7e7-afa3-4fd1-8c28-f4605c2f34ea,5
9b504fc8-6022-4e8b-bb5c-0f18ac76b1ef,6
53698d5b-65f0-41fb-b705-e56b361f72bd,7
6cac3ff0-51ca-4d9f-8a07-ab5753ece725,8
f80f6191-6df1-4bf3-8f2d-be6d0c2489ef,9
769dc0e2-3636-4d96-baee-5f8b7e948f8b,10
9d9b17f0-4ff5-404a-8507-5958761cdf71,11
32f3ef16-5667-47a0-92ed-ea1f11f87bee,12
214bfe94-accb-4553-8be0-bd234459006f,13
4a02496f-4209-4f48-b04a-d2dc21a81cb5,14
eaa25541-4bf1-4d7e-94f2-1e4fe32d6b08,15
87228f32-daf8-4a3f-8354-47b946bf44f3,16
b3040cdd-c0f6-43a1-952d-069abb5495f8,17
e0676af3-44a9-4e80-a0ec-1bc9e5917ce8,18
0ad1acb5-bb4e-4eb6-ab2d-12f7c83edd56,19
c47fdfa1-42c5-4a5e-ad59-033677dbe69c,20
6ad575dc-474a-42a2-8b69-76c7e9535802,1
f169c5b0-0bbd-4656-95f7-258333806a71,2
8fda4566-264b-48f5-8ea5-68cd62ea467b,3
5ae8f328-9d09-45ee-8c97-2e0dad53a2a3,4
31f83099-67fc-4633-8590-3aa17a7b5892,5
a09dc5a1-8dd2-4487-b89e-eff74dbc33d0,6
8c391a14-2989-480d-9337-e78ad65680c3,7
676c45da-3b8e-4ab4-b873-7b178f05514e,8
1cb225d8-0671-4887-8cd7-292d6a241071,9
7e340d39-b9d9-4741-9f82-6cae871d277d,10
7a770507-67fc-4b8c-9507-e1f7bce5cc64,11
cb87adb9-5d4b-4636-a251-33fc2c6cc914,12
0b4dd5a5-3b39-4cc5-9b7e-e5c174a54c09,13
22f9c988-9edc-445b-8b99-0e35068fa637,14
84a3e81c-55ec-443d-a173-a9b895aa8354,15
3a5e0c93-c77f-4260-baa0-af9817131506,16
be8a72d0-5594-4ffc-8ab9-c8133648a72f,17
f3041be8-b606-4ec6-a224-338a64c2b487,18
424dbbe8-c146-49c0-9639-7e1425f405ab,19
33574a66-aac3-4eb0-bf0d-dc7a3ec96490,20
